CustomerID,Name,PhoneNo,Email
11,Laney Fadden,720557985,China11@China.CN
12,Giacopo Bramich,653530657,NorthKorea12@NorthKorea.KP
13,Lia Bonar,908766799,Peru13@Peru.PE
14,Merrill Baudon,738734827,Japan14@Japan.JP
15,Tasia Fautly,809275246,Libya15@Libya.LY
16,Angel Veschambre,771112020,Mexico16@Mexico.MX
17,Sheilah Maestro,103414047,Russia17@Russia.RU
18,Audie Willcocks,838004789,Portugal18@Portugal.PT
19,Mart Malsher,898964591,Russia19@Russia.RU
20,Magdalen Lacheze,212821343,China20@China.CN
21,Margarita Mancktelow,46992162,Nigeria21@Nigeria.NG
22,Ashil Brogini,720133529,Japan22@Japan.JP
23,Arthur Mathewson,96888521,China23@China.CN
24,Ennis Dungate,83904691,Panama24@Panama.PA
25,Tiffani Halstead,564797571,Russia25@Russia.RU
26,Roddie Winterbotham,755586855,Colombia26@Colombia.CO
27,Pincas Stearn,97107305,Germany27@Germany.DE
28,Tony Crabtree,816783234,China28@China.CN
29,Tamarah Filasov,839882186,Indonesia29@Indonesia.ID
30,Pen Pruce,663864902,Armenia30@Armenia.AM
31,Boot Burree,372850504,China31@China.CN
32,Sabra Calbreath,71117669,CzechRepublic32@CzechRepublic.CZ
33,Obidiah Zanicchi,841367752,Indonesia33@Indonesia.ID
34,Anders Stowe,724179175,China34@China.CN
35,Locke Janaway,790829805,Indonesia35@Indonesia.ID
36,Kaylyn Colebourne,245451124,China36@China.CN
37,Noni Quickenden,843006499,Canada37@Canada.CA
38,Alan Paskell,939130650,China38@China.CN
39,Anny Pattemore,912515721,Indonesia39@Indonesia.ID
40,Les Harmson,49609928,Russia40@Russia.RU
41,Horatio Lundy,350426593,China41@China.CN
42,Sibley Rodder,458790850,Ukraine42@Ukraine.UA
43,Dniren Copperwaite,784921244,China43@China.CN
44,Sorcha Beesley,871721004,Azerbaijan44@Azerbaijan.AZ
45,Alison Jamieson,555162272,Brazil45@Brazil.BR
46,Dre Danher,792279821,China46@China.CN
47,Chris Gummer,878112475,Indonesia47@Indonesia.ID
48,Adiana Shirtliff,970032495,Belarus48@Belarus.BY
49,Derry Davis,266314044,Panama49@Panama.PA
50,Lenci McFadzean,79259556,Honduras50@Honduras.HN
51,Uriel Grooby,182966063,Japan51@Japan.JP
52,Jillayne Gaiford,262376257,Kazakhstan52@Kazakhstan.KZ
53,Tiertza Doogan,770644656,Russia53@Russia.RU
54,Ilario Michie,296314932,Nigeria54@Nigeria.NG
55,Sarah Plaschke,42689065,Thailand55@Thailand.TH
56,Skipp Lowater,65454037,Peru56@Peru.PE
57,Maddalena Wolfinger,822785664,Zambia57@Zambia.ZM
58,Mariquilla Labbe,191123031,Togo58@Togo.TG
59,Cornelius Harkess,587499630,Mexico59@Mexico.MX
60,Erv Padrick,602387059,Thailand60@Thailand.TH
61,Fielding Struys,35757094,China61@China.CN
62,Purcell Eyer,834658495,Kazakhstan62@Kazakhstan.KZ
63,Pietra Dibdall,971220077,Mexico63@Mexico.MX
64,Dyanne Labbet,441068726,Indonesia64@Indonesia.ID
65,Elsworth Stannas,756528475,China65@China.CN
66,Marlo McGeaney,666831761,China66@China.CN
67,Calvin Aucock,182382784,Indonesia67@Indonesia.ID
68,Prudence Eastlake,144270652,Sweden68@Sweden.SE
69,Gwenora Beauchamp,968835571,Zambia69@Zambia.ZM
70,Jerrie Jiran,594502625,Brazil70@Brazil.BR
71,Linc Martynov,172379919,France71@France.FR
72,Jackie Kment,893029477,Vietnam72@Vietnam.VN
73,Phil Schapero,303952269,Indonesia73@Indonesia.ID
74,Giusto Sheavills,607421416,Ukraine74@Ukraine.UA
75,Emmalynne Hairs,422864150,Indonesia75@Indonesia.ID
76,Mirna Rosita,368542570,Russia76@Russia.RU
77,Alard Briat,9881489,Russia77@Russia.RU
78,Ferdinand Fowley,804674735,Uganda78@Uganda.UG
79,Averell Joint,40491006,China79@China.CN
80,Deane Benbough,254924931,China80@China.CN
81,Grenville Hyne,382068901,China81@China.CN
82,Asia McNess,937101150,Portugal82@Portugal.PT
83,Fayre Crocket,797529044,Estonia83@Estonia.EE
84,Olive Jeannon,948295714,Russia84@Russia.RU
85,Karoline Pocock,171622135,Philippines85@Philippines.PH
86,Rosanne Zorzutti,85810238,Nigeria86@Nigeria.NG
87,Kele Bracknell,518243545,Indonesia87@Indonesia.ID
88,Artair Lant,31331843,Russia88@Russia.RU
89,Marielle Buffey,522598758,Botswana89@Botswana.BW
90,Maighdiln Lamswood,227442112,China90@China.CN
91,Deina Agus,549266336,Colombia91@Colombia.CO
92,Cirilo Koschek,382540934,Croatia92@Croatia.HR
93,Konrad Standering,724861808,China93@China.CN
94,Lilyan Schohier,409314451,China94@China.CN
95,Eva Dulake,812863465,France95@France.FR
96,Roi Critzen,420379687,Russia96@Russia.RU
97,Darby McLae,94278083,NorthKorea97@NorthKorea.KP
98,Christian Yeld,730006730,Indonesia98@Indonesia.ID
99,Delilah Ayerst,249025422,Indonesia99@Indonesia.ID
100,Hynda Skeel,387777517,WallisandFutuna100@WallisandFutuna.WF
101,Mill Lambell,456703073,Peru101@Peru.PE
102,Melicent Gieves,228176388,Indonesia102@Indonesia.ID
103,Melisent Claessens,308826768,Vietnam103@Vietnam.VN
104,Son Hurworth,803733482,Brazil104@Brazil.BR
105,Martainn Van Zon,191751000,Thailand105@Thailand.TH
106,Elladine Kobiela,273506986,DominicanRepublic106@DominicanRepublic.DO
107,Candy Simoncelli,449297305,China107@China.CN
108,Berkley Petrashov,416356237,Argentina108@Argentina.AR
109,Eba Harriagn,3816823,Argentina109@Argentina.AR
110,Wilek Ivanyushkin,592615057,Ethiopia110@Ethiopia.ET
111,Kalindi Ryman,131324970,Indonesia111@Indonesia.ID
112,Viva Foulstone,781508068,Poland112@Poland.PL
113,Hermione Crix,268348571,China113@China.CN
114,Evan Goldsbury,806441720,Russia114@Russia.RU
115,Linus Gresham,663650560,CostaRica115@CostaRica.CR
116,Malchy Huddlestone,738497161,CzechRepublic116@CzechRepublic.CZ
117,Hakeem Leadston,966062380,China117@China.CN
118,Lucilia Sandeman,826323278,China118@China.CN
119,Yorgos Staite,887864775,SouthAfrica119@SouthAfrica.ZA
120,Lenore Tabb,272555518,China120@China.CN
121,Cathleen Gooday,555343489,Portugal121@Portugal.PT
122,Heinrick Setchfield,914673717,China122@China.CN
123,Worth Laweles,727018397,Ghana123@Ghana.GH
124,Noby Torvey,930831812,TrinidadandTobago124@TrinidadandTobago.TT
125,Adah Adamczewski,896435055,China125@China.CN
126,Vivie Twinning,604773944,Yemen126@Yemen.YE
127,Zora Hanalan,916165387,Philippines127@Philippines.PH
128,Ham Penhall,624040979,Uganda128@Uganda.UG
129,Blancha Trippack,304594522,Greece129@Greece.GR
130,Carney Speer,739811213,Portugal130@Portugal.PT
131,Christoforo Vagg,862006226,Brazil131@Brazil.BR
132,Lorette Golsthorp,122108916,China132@China.CN
133,Rana Rait,91297277,Brazil133@Brazil.BR
134,Nev Bompas,176568981,China134@China.CN
135,Sherilyn Ilewicz,368542948,Philippines135@Philippines.PH
136,Fredi Helks,834864557,Japan136@Japan.JP
137,Steward Lavies,712345179,Indonesia137@Indonesia.ID
138,Anastasie Jahnisch,815151278,Tunisia138@Tunisia.TN
139,Lyndel Rodwell,538396279,Bangladesh139@Bangladesh.BD
140,Elisabetta Jacke,495369801,Philippines140@Philippines.PH
141,Gage Tocknell,840310794,Philippines141@Philippines.PH
142,Den Coppock.,74570443,Canada142@Canada.CA
143,Granville Mallison,507165754,China143@China.CN
144,Davita Baynham,838545062,Croatia144@Croatia.HR
145,Brook Rainger,314415077,Syria145@Syria.SY
146,Torr Windrus,306687438,China146@China.CN
147,Sterne Salterne,370130292,UnitedStates147@UnitedStates.US
148,Keane Wait,919828246,Mexico148@Mexico.MX
149,Shelbi Grishakov,739652661,Micronesia149@Micronesia.FM
150,Wyn Attwoull,654651137,Pakistan150@Pakistan.PK
151,Mady McMennum,469572549,UnitedStates151@UnitedStates.US
152,Hedi Pellington,803283018,Kosovo152@Kosovo.XK
153,Durante Bullers,197457544,Peru153@Peru.PE
154,Gale Reeves,219504765,Nepal154@Nepal.NP
155,Erika Greensmith,374022949,DemocraticRepublicoftheCongo155@DemocraticRepublicoftheCongo.CD
156,Gerta Sanday,249096177,China156@China.CN
157,Veronique Caramuscia,585703984,Albania157@Albania.AL
158,Alaric Thaw,659874463,Sweden158@Sweden.SE
159,Ingamar Forker,219031493,Luxembourg159@Luxembourg.LU
160,Freida Nannizzi,802731248,Ukraine160@Ukraine.UA
161,Aurie Unthank,105021445,Mongolia161@Mongolia.MN
162,Sayer Goudman,989564430,Brazil162@Brazil.BR
163,Ash Lodford,581653429,China163@China.CN
164,Chaddy Mangeney,990338011,Honduras164@Honduras.HN
165,Cullie McBrady,440482898,Portugal165@Portugal.PT
166,Mack Fabri,923254771,Uruguay166@Uruguay.UY
167,Christen Jedrachowicz,169689858,SouthAfrica167@SouthAfrica.ZA
168,Eleonore Stitcher,969097950,China168@China.CN
169,Staci Coppens,759057326,Indonesia169@Indonesia.ID
170,Maible Dalgarno,405716226,China170@China.CN
171,Viviyan Lantiff,109215699,Philippines171@Philippines.PH
172,Gerta Hehir,373729415,Mauritius172@Mauritius.MU
173,Lynsey Ludlamme,148522100,China173@China.CN
174,Kariotta Core,822889392,Nigeria174@Nigeria.NG
175,Carena Nucator,563261556,Venezuela175@Venezuela.VE
176,Windham Meekin,853685194,Indonesia176@Indonesia.ID
177,Kipp Coulling,98883706,Portugal177@Portugal.PT
178,Alida Dumphy,224536603,Philippines178@Philippines.PH
179,Perrine Scalera,599989285,Indonesia179@Indonesia.ID
180,Ezequiel Cunniff,313072307,Poland180@Poland.PL
181,Sully Cunney,734279774,Afghanistan181@Afghanistan.AF
182,Clevey Garfit,410827417,SouthKorea182@SouthKorea.KR
183,Berne Banbury,687009823,Russia183@Russia.RU
184,Nessie Wheal,30517819,China184@China.CN
185,Manolo Russ,573016790,Indonesia185@Indonesia.ID
186,Mureil Codman,948653366,Portugal186@Portugal.PT
187,Bradford Rafe,903491,Senegal187@Senegal.SN
188,Esra Mc Meekan,775912181,China188@China.CN
189,Web O'Howbane,991092353,Portugal189@Portugal.PT
190,Jordan Donner,731759496,Portugal190@Portugal.PT
191,Yorgos BoHlingolsen,904911239,Portugal191@Portugal.PT
192,Onfroi Kornyakov,636043193,Philippines192@Philippines.PH
193,Aubine Chardin,29740997,Philippines193@Philippines.PH
194,Hana Livesay,844035215,China194@China.CN
195,Cristabel Nutty,754369725,China195@China.CN
196,Abigail Struis,109728681,China196@China.CN
197,Cirillo Creamen,111271413,China197@China.CN
198,Jozef Godson,383528049,Brazil198@Brazil.BR
199,Tabbie Conboy,576116010,Argentina199@Argentina.AR
200,Roth Cousans,739480480,Nigeria200@Nigeria.NG
201,Dene Dawby,597153288,SaintLucia201@SaintLucia.LC
202,Kally Biers,680823942,Guatemala202@Guatemala.GT
203,Garek Gearty,437481342,Japan203@Japan.JP
204,Ulick Tebboth,235412030,Russia204@Russia.RU
205,Merwin Pikhno,529347220,UnitedStates205@UnitedStates.US
206,Silas Asson,4357006,Ukraine206@Ukraine.UA
207,Pierson Baal,857798174,China207@China.CN
208,Reta Leipoldt,639066480,Indonesia208@Indonesia.ID
209,Joline Cancelier,737129768,France209@France.FR
210,Sheffield Turbitt,704802781,Japan210@Japan.JP
211,Giustina Thorne,942351902,PalestinianTerritory211@PalestinianTerritory.PS
212,Gallagher Benyon,136411831,China212@China.CN
213,Sabra Corry,715615133,Japan213@Japan.JP
214,Charline Windrus,921359201,China214@China.CN
215,Webster Lomax,93395822,CzechRepublic215@CzechRepublic.CZ
216,Vincent Boarer,902752874,Belarus216@Belarus.BY
217,Dietrich Feetham,377059466,Mozambique217@Mozambique.MZ
218,Charita Bosworth,962590479,Poland218@Poland.PL
219,Basil Slarke,759376004,Russia219@Russia.RU
220,Dicky Van der Son,913218895,Russia220@Russia.RU
221,Kali Avis,803250206,Greece221@Greece.GR
222,Zebedee Spafford,905080061,Indonesia222@Indonesia.ID
223,Alexandr McGill,293106052,China223@China.CN
224,Lulu Hastin,394596791,China224@China.CN
225,Ardenia Lobb,857006393,China225@China.CN
226,Cissy Blondelle,32153959,Russia226@Russia.RU
227,Jill O'Sirin,6895519,Japan227@Japan.JP
228,Tommi Durham,641980112,Indonesia228@Indonesia.ID
229,Adham Heyns,806581730,Ukraine229@Ukraine.UA
230,Shandeigh Andreas,353447124,Portugal230@Portugal.PT
231,Ram Chaudhry,351097817,Namibia231@Namibia.NA
232,Mattie Winyard,130270249,China232@China.CN
233,Forester Buxcey,583418825,Brazil233@Brazil.BR
234,Crysta Garratty,574891320,Philippines234@Philippines.PH
235,Waylan Grieve,995340752,China235@China.CN
236,Ermina Kitter,467089429,China236@China.CN
237,Raymond Cranage,552673235,Indonesia237@Indonesia.ID
238,Kore Smurfit,300735505,Indonesia238@Indonesia.ID
239,Desdemona Dobbinson,149689727,Ukraine239@Ukraine.UA
240,Elora Eliesco,20635381,Moldova240@Moldova.MD
241,Annaliese Cowill,976875761,Nicaragua241@Nicaragua.NI
242,Nadean Elves,906276303,CzechRepublic242@CzechRepublic.CZ
243,Burgess Hancill,479005071,Madagascar243@Madagascar.MG
244,Alvan Winspare,324751071,Kazakhstan244@Kazakhstan.KZ
245,Ethelbert Cordeux,977086756,Finland245@Finland.FI
246,Gilberta Sabberton,328365069,Panama246@Panama.PA
247,Reginauld Kelemen,337154955,France247@France.FR
248,Merrill Sawford,139895109,Indonesia248@Indonesia.ID
249,Jackelyn Jacox,618195221,Philippines249@Philippines.PH
250,Rene Garn,149981300,Uganda250@Uganda.UG
251,Araldo Gutman,768771926,China251@China.CN
252,Stewart Keppe,628707138,Austria252@Austria.AT
253,Fidelity Banham,684357756,Thailand253@Thailand.TH
254,Zorana Diggin,63460589,China254@China.CN
255,Grenville Bottomore,457705550,Tunisia255@Tunisia.TN
256,Julina Di Franceschi,577349941,China256@China.CN
257,Natty Murt,162337577,Gambia257@Gambia.GM
258,Phillipe Ropartz,331552546,Micronesia258@Micronesia.FM
259,Douglas O' Cloney,724844060,Philippines259@Philippines.PH
260,Adrianne Freeland,18823064,France260@France.FR
261,Maisie Matyushkin,443524880,China261@China.CN
262,Lew Allot,295814956,Portugal262@Portugal.PT
263,Fairfax Seniour,910621559,Slovenia263@Slovenia.SI
264,Vania Gilding,600567305,Brazil264@Brazil.BR
265,Aime Ferry,930779628,UnitedStates265@UnitedStates.US
266,Waldo Tomkiss,279283810,Portugal266@Portugal.PT
267,Ely Doodson,590296148,China267@China.CN
268,Cate Pagitt,886338492,Peru268@Peru.PE
269,Johnette Haitlie,160613868,IvoryCoast269@IvoryCoast.CI
270,Aldric Jerman,766635204,China270@China.CN
271,Maybelle Bellows,536381872,Canada271@Canada.CA
272,Merlina Lermit,811551642,UnitedStates272@UnitedStates.US
273,Livvyy Grombridge,94634222,Brazil273@Brazil.BR
274,Tibold MacGorley,468630685,Indonesia274@Indonesia.ID
275,Madelin Giacomi,266731238,Armenia275@Armenia.AM
276,Arnie Jay,460363035,Indonesia276@Indonesia.ID
277,Berenice Marples,781692461,Ukraine277@Ukraine.UA
278,Marys Offen,733748667,Argentina278@Argentina.AR
279,Dacey Witherden,918071653,Argentina279@Argentina.AR
280,Chloette Pyke,613614915,China280@China.CN
281,Kameko Cockton,912536389,Thailand281@Thailand.TH
282,Rayner Lukianovich,266085179,Indonesia282@Indonesia.ID
283,Donella Tomasini,408314524,Norway283@Norway.NO
284,Dennison Qusklay,789255718,France284@France.FR
285,Orel Gawthrope,335327457,Egypt285@Egypt.EG
286,Harriett O'Sirin,374722855,Portugal286@Portugal.PT
287,Mona Rudwell,157967574,Nigeria287@Nigeria.NG
288,Britta Barday,205148420,Indonesia288@Indonesia.ID
289,Zita Coldbath,141496520,China289@China.CN
290,Phillis Denley,685147375,Indonesia290@Indonesia.ID
291,Sandor Barradell,760565131,Indonesia291@Indonesia.ID
292,Rowena Santori,676833934,Poland292@Poland.PL
293,Licha Verden,854274404,Brazil293@Brazil.BR
294,Anabelle Dominelli,970508120,Greece294@Greece.GR
295,Philomena Petracchi,69940572,Russia295@Russia.RU
296,Annaliese Brunsden,276097148,Germany296@Germany.DE
297,Kym Lepard,352319391,Portugal297@Portugal.PT
298,Haily Izakoff,388219223,SouthAfrica298@SouthAfrica.ZA
299,Junie Older,859021541,Iran299@Iran.IR
300,Currie Fidell,686322108,DemocraticRepublicoftheCongo300@DemocraticRepublicoftheCongo.CD
301,Estele Schultze,589720413,Russia301@Russia.RU
302,Ber Dillet,600245912,Jamaica302@Jamaica.JM
303,Merill Leyninye,358382312,Poland303@Poland.PL
304,Herve Tunmore,389213385,Zimbabwe304@Zimbabwe.ZW
305,Armstrong Collerd,708878634,Philippines305@Philippines.PH
306,Allyce Mantione,721518614,Russia306@Russia.RU
307,Sue Voyce,802021241,China307@China.CN
308,Teriann Olivari,439304762,Canada308@Canada.CA
309,Dalila Baldree,625559031,Pitcairn309@Pitcairn.PN
310,Becki Bonsall,612901464,China310@China.CN
311,Valma Brideau,762631020,Russia311@Russia.RU
312,Zach Bondley,138385377,Indonesia312@Indonesia.ID
313,Katherine Midson,89624575,Serbia313@Serbia.RS
314,Alisander Cornelisse,546109376,Russia314@Russia.RU
315,Fax Rojahn,616799578,Japan315@Japan.JP
316,Hymie Meadowcroft,658540852,Argentina316@Argentina.AR
317,Steffie Slemmonds,445275077,China317@China.CN
318,Melessa Lecordier,451965583,Albania318@Albania.AL
319,Gardy Neljes,970346516,Peru319@Peru.PE
320,Chrotoem Estevez,77958092,Peru320@Peru.PE
321,Cori Percifer,910673717,Mexico321@Mexico.MX
322,Melisse Southeran,8060662,Ukraine322@Ukraine.UA
323,Maressa Fruish,859832290,Nepal323@Nepal.NP
324,Moishe Constant,586294175,Albania324@Albania.AL
325,Jakie Bullan,793073578,Brazil325@Brazil.BR
326,Deloria Hannen,875797924,Uganda326@Uganda.UG
327,Lucho McGerraghty,337725377,Indonesia327@Indonesia.ID
328,Dwain Eccott,281461975,Pakistan328@Pakistan.PK
329,Jerome Ovitts,716743925,Guatemala329@Guatemala.GT
330,Janith Bowra,429828925,Nigeria330@Nigeria.NG
331,Essy Licence,300495208,Philippines331@Philippines.PH
332,Rosaleen Ionnisian,974743634,Uzbekistan332@Uzbekistan.UZ
333,Titos Edgcumbe,841075872,Greece333@Greece.GR
334,Sullivan Eddoes,283015131,Portugal334@Portugal.PT
335,Flem Haibel,182084971,SouthKorea335@SouthKorea.KR
336,Gualterio Backshall,52309436,Brazil336@Brazil.BR
337,Chauncey Barrott,784569963,Philippines337@Philippines.PH
338,Lana Boyne,343068680,China338@China.CN
339,Mickie Alred,590847992,Japan339@Japan.JP
340,Kellyann Sambells,262290678,Indonesia340@Indonesia.ID
341,Alexia Candelin,989453693,Finland341@Finland.FI
342,Bianka McLanaghan,635727482,Indonesia342@Indonesia.ID
343,Pansie Alldis,502459029,Poland343@Poland.PL
344,Olly Dobbinson,25654368,Albania344@Albania.AL
345,Hale Danilchik,170622228,Indonesia345@Indonesia.ID
346,Sandy Rubinowicz,285997053,China346@China.CN
347,Lucais Sewards,591644769,China347@China.CN
348,Joye MacHostie,908051347,Russia348@Russia.RU
349,Celinda Mamwell,671211555,Indonesia349@Indonesia.ID
350,Norby Foord,10104453,CzechRepublic350@CzechRepublic.CZ
351,Malinde Blunn,379353233,Indonesia351@Indonesia.ID
352,Harry Beak,936384651,China352@China.CN
353,Rafferty Guyonneau,320587312,Philippines353@Philippines.PH
354,Marice Leavens,264014662,China354@China.CN
355,Melinda O'Brogan,992883999,Sweden355@Sweden.SE
356,Brook Begent,188784452,Latvia356@Latvia.LV
357,Ario Meekin,65664150,China357@China.CN
358,Schuyler Walewski,443719315,UnitedStates358@UnitedStates.US
359,Ariadne Copeland,167942589,UnitedStates359@UnitedStates.US
360,Tamma Clink,754968007,UnitedStates360@UnitedStates.US
361,Jaynell Alty,805652790,Uruguay361@Uruguay.UY
362,Laurianne Diehn,663027863,Madagascar362@Madagascar.MG
363,Padraic Zanutti,230689989,BosniaandHerzegovina363@BosniaandHerzegovina.BA
364,Codee Pindar,675296495,Greece364@Greece.GR
365,Gabey Macewan,945183950,Philippines365@Philippines.PH
366,Dinny Fonzone,512634679,Indonesia366@Indonesia.ID
367,Adamo Rumens,586841818,Mongolia367@Mongolia.MN
368,Lottie Schultheiss,302737602,Japan368@Japan.JP
369,Ferguson Wilcocke,614403934,Russia369@Russia.RU
370,Kelwin Ryle,155091414,Philippines370@Philippines.PH
371,Griz Tawse,55079751,Indonesia371@Indonesia.ID
372,Katie Betancourt,803431997,Moldova372@Moldova.MD
373,Caterina Sweetnam,46411747,Philippines373@Philippines.PH
374,Karia Sonier,987783557,China374@China.CN
375,Durand Kitt,440574911,Russia375@Russia.RU
376,Veradis Tiddy,217356636,Poland376@Poland.PL
377,Constantina Mottley,911651485,Russia377@Russia.RU
378,Barnabas Gerrell,943242649,Luxembourg378@Luxembourg.LU
379,Hinda Giacopetti,196629886,France379@France.FR
380,Zolly Heinzel,792302093,Poland380@Poland.PL
381,Julianna Jostan,867353061,Philippines381@Philippines.PH
382,Hallie Roddam,951530059,Indonesia382@Indonesia.ID
383,Madlin McGrory,915363437,China383@China.CN
384,Tersina Wolfer,832796709,Iran384@Iran.IR
385,Andonis Rawling,558441489,China385@China.CN
386,Aluin McUre,908743974,Sweden386@Sweden.SE
387,Damiano Yurasov,579248318,Philippines387@Philippines.PH
388,Almeta Laird-Craig,414014494,Afghanistan388@Afghanistan.AF
389,Nickolai Balmer,458095759,China389@China.CN
390,Isac Crimpe,595530874,France390@France.FR
391,Verene Beatens,638165027,Portugal391@Portugal.PT
392,Carol-jean Croston,748221028,China392@China.CN
393,Dareen Soutar,723649120,Japan393@Japan.JP
394,Pietra Paute,659494674,Peru394@Peru.PE
395,Evvie Crossby,146237622,CentralAfricanRepublic395@CentralAfricanRepublic.CF
396,Claybourne Costin,720454857,Greece396@Greece.GR
397,Dennie Lilloe,851641355,China397@China.CN
398,Orelle Beadel,671709130,China398@China.CN
399,Gregg Yellowlea,886162949,SouthAfrica399@SouthAfrica.ZA
400,Pete Morden,524568474,China400@China.CN
401,Margarette Hobell,516736515,Ireland401@Ireland.IE
402,Ansell Lethlay,519185148,Bangladesh402@Bangladesh.BD
403,Kathy Fairlam,714356306,China403@China.CN
404,Cleon Moreton,221298597,China404@China.CN
405,Allyce Berthon,702888972,Russia405@Russia.RU
406,Garvin Guerrazzi,328541763,China406@China.CN
407,Susette O'Neil,11693967,UnitedStates407@UnitedStates.US
408,Ignace Cooney,868571829,Mexico408@Mexico.MX
409,Emera Whitewood,847423186,Ecuador409@Ecuador.EC
410,Miquela Dutnell,647291878,Russia410@Russia.RU
411,Montgomery Spileman,443833466,Russia411@Russia.RU
412,Salem Morgen,717035222,China412@China.CN
413,Enid Francescuccio,186075868,Albania413@Albania.AL
414,Evelyn Serrier,97997986,France414@France.FR
415,Virginie McGrey,980448929,Malaysia415@Malaysia.MY
416,Susie Torrisi,134730498,Russia416@Russia.RU
417,Georgeanna Boulton,759038085,Russia417@Russia.RU
418,Cynthy Stovold,887532311,Hungary418@Hungary.HU
419,Spenser Wandless,293171692,China419@China.CN
420,Ethelind Schnieder,348743361,Sweden420@Sweden.SE
421,Paco Towersey,655700362,Russia421@Russia.RU
422,Laverna Skeermer,82277061,China422@China.CN
423,Granger Aiers,247178311,Poland423@Poland.PL
424,Lilian Dislee,600229187,Brazil424@Brazil.BR
425,Chrotoem Harniman,157940367,Zambia425@Zambia.ZM
426,Thorny Westrip,894929791,Greece426@Greece.GR
427,Berny Elcoate,947571930,Argentina427@Argentina.AR
428,Kiersten Dalliwater,485882099,France428@France.FR
429,Ives Armstead,830129386,Indonesia429@Indonesia.ID
430,Hersh Bolgar,691184914,SouthKorea430@SouthKorea.KR
431,Carlin Brabon,745268799,Brazil431@Brazil.BR
432,Mignonne Shepland,456129855,Indonesia432@Indonesia.ID
433,Jacky Shapero,461766402,Bermuda433@Bermuda.BM
434,Roch Panchen,794771193,Brazil434@Brazil.BR
435,Stan Clethro,182344252,Russia435@Russia.RU
436,Hamlen Mashro,993801965,China436@China.CN
437,Marena Jacox,500792328,France437@France.FR
438,Lorna Bogart,773488809,Russia438@Russia.RU
439,Mirilla Barff,503403351,China439@China.CN
440,Steffane Karpol,769370622,Greece440@Greece.GR
441,Weston Dearden,82943158,China441@China.CN
442,Kimble Wayvill,833958326,Gambia442@Gambia.GM
443,Theadora Huetson,393278322,China443@China.CN
444,Alexandros Brookfield,676110715,China444@China.CN
445,Katrina Aylett,264388798,France445@France.FR
446,Mateo Wightman,366186589,Russia446@Russia.RU
447,Ariadne McCrie,844409751,Indonesia447@Indonesia.ID
448,Karlene Whetson,516785620,Mali448@Mali.ML
449,Camille Symmons,756739361,China449@China.CN
450,Silva Addy,635477404,Russia450@Russia.RU
451,Maddie Raw,574970939,Russia451@Russia.RU
452,Marcile Meffen,643373586,China452@China.CN
453,Elliott Avard,373357316,CzechRepublic453@CzechRepublic.CZ
454,Cyndi Ruler,48109943,Croatia454@Croatia.HR
455,Lauralee Beteriss,47329888,Sweden455@Sweden.SE
456,Beth Crocket,733127210,Japan456@Japan.JP
457,Peggie Biddles,719078875,Malaysia457@Malaysia.MY
458,Roxana Dicte,313880154,Mexico458@Mexico.MX
459,Alyse Pimlett,611040525,Poland459@Poland.PL
460,Jolee Linthead,136170573,Indonesia460@Indonesia.ID
461,Brit Northfield,809878100,Indonesia461@Indonesia.ID
462,Baldwin Colchett,605086117,Mali462@Mali.ML
463,Araldo Bramhall,649432705,Canada463@Canada.CA
464,Josiah Thayre,762075652,Philippines464@Philippines.PH
465,Alberik Fancy,576516974,Indonesia465@Indonesia.ID
466,Trixy Southwick,187904326,CzechRepublic466@CzechRepublic.CZ
467,Callie Dunning,821268371,China467@China.CN
468,Melloney Schimke,94885773,Colombia468@Colombia.CO
469,Tammara Burgyn,75894558,Poland469@Poland.PL
470,Seamus Hearl,428069893,Belarus470@Belarus.BY
471,Yorgo Muzzillo,635367273,Indonesia471@Indonesia.ID
472,Tiler Kenrack,628570603,Canada472@Canada.CA
473,Shannon Osban,780128423,China473@China.CN
474,Forest Cole,639194250,Guatemala474@Guatemala.GT
475,Fred Tatersale,716152472,Bolivia475@Bolivia.BO
476,Salvidor Francesch,112536502,China476@China.CN
477,Sharai MacMenamin,342594548,Russia477@Russia.RU
478,Reuben Iannello,393594391,Sweden478@Sweden.SE
479,Ginevra Pally,815410260,Reunion479@Reunion.RE
480,Annice Maxworthy,97329826,China480@China.CN
481,Koo Vinick,523416099,Poland481@Poland.PL
482,Hilly Leahey,772549655,China482@China.CN
483,Hilary Pudner,699238256,Philippines483@Philippines.PH
484,Porty Auston,203173721,China484@China.CN
485,Danyelle Butts,664415150,China485@China.CN
486,Rowan Grover,281968983,Colombia486@Colombia.CO
487,Mariann Ibbeson,847760112,Indonesia487@Indonesia.ID
488,Renard Crispin,980903894,Portugal488@Portugal.PT
489,Tatiania O'Crigane,18649695,Ukraine489@Ukraine.UA
490,Koral Stampfer,759045534,China490@China.CN
491,Launce Sowerbutts,114476901,Morocco491@Morocco.MA
492,Leone Klulisek,41623406,Tanzania492@Tanzania.TZ
493,Maison Shoreson,324263513,Panama493@Panama.PA
494,Tricia Bellsham,675228690,Venezuela494@Venezuela.VE
495,Amye Limbert,166494523,Myanmar495@Myanmar.MM
496,Igor Durrand,644442153,China496@China.CN
497,Everard Trasler,95636732,Thailand497@Thailand.TH
498,Chastity Medlar,492982216,Indonesia498@Indonesia.ID
499,Morgan Gouldeby,924866132,Brazil499@Brazil.BR
500,Read Trusty,121236838,Thailand500@Thailand.TH
501,Flynn Magnay,774932198,Poland501@Poland.PL
502,Kiley Nare,612863086,Brazil502@Brazil.BR
503,Elfrieda Umbers,124721799,Russia503@Russia.RU
504,Tera Stockdale,648104341,France504@France.FR
505,Bree Bleas,264025585,China505@China.CN
506,Cahra Delacoste,580274960,China506@China.CN
507,Haskel Bowell,458766548,China507@China.CN
508,Julius Scutchin,894603944,Philippines508@Philippines.PH
509,Shanan Mingay,155477156,China509@China.CN
510,Petronille Southwood,775855912,Portugal510@Portugal.PT
511,Paulie Lemerle,216672874,Madagascar511@Madagascar.MG
512,Rhody Dobbin,19054730,Philippines512@Philippines.PH
513,Rene Clements,982529656,Bolivia513@Bolivia.BO
514,Agnes Acey,65145687,Belarus514@Belarus.BY
515,Verena Garman,633674362,Indonesia515@Indonesia.ID
516,Claire Morland,325144207,Cuba516@Cuba.CU
517,Othella Flood,956434919,Thailand517@Thailand.TH
518,Nertie Igglesden,221749688,Spain518@Spain.ES
519,Linus Greer,135177084,Afghanistan519@Afghanistan.AF
520,Des Covet,293001910,Finland520@Finland.FI
521,Jacynth Clubb,531329646,Poland521@Poland.PL
522,Payton Rissen,825871933,Philippines522@Philippines.PH
523,Coralie Keenlayside,719936020,Indonesia523@Indonesia.ID
524,Alli Cunney,985587897,China524@China.CN
525,Ulberto Alyutin,537613433,Brazil525@Brazil.BR
526,Sinclare Milburne,570078529,Greece526@Greece.GR
527,Devy Hookes,726500634,China527@China.CN
528,Dominga Mc Kellen,845812271,Russia528@Russia.RU
529,Kalinda Grestye,569172112,China529@China.CN
530,Robbin Shottin,563117903,China530@China.CN
531,Aldrich Phythien,304813036,UnitedStates531@UnitedStates.US
532,Jemmy Whelan,549470130,Brazil532@Brazil.BR
533,Gearard Rowston,121804369,Netherlands533@Netherlands.NL
534,Kenna Lideard,295902171,SouthAfrica534@SouthAfrica.ZA
535,Doll Friary,203807591,Russia535@Russia.RU
536,Gualterio Paget,587624502,Colombia536@Colombia.CO
537,Serena Yerby,880649725,France537@France.FR
538,Nita Vannacci,916474130,Iran538@Iran.IR
539,Henry Reaney,502138609,Brazil539@Brazil.BR
540,Rooney Milbourne,397383678,Lithuania540@Lithuania.LT
541,Marketa Olman,983742865,Indonesia541@Indonesia.ID
542,Klement Brothwell,15600809,Peru542@Peru.PE
543,Andrej Wolfindale,707509176,Philippines543@Philippines.PH
544,Rudolph Brozek,820148133,France544@France.FR
545,Ryley McKillop,873203281,Thailand545@Thailand.TH
546,Riley Curnnok,944790084,Jersey546@Jersey.JE
547,Galina Whaites,241767246,China547@China.CN
548,Rania Gerritsma,642069106,Zimbabwe548@Zimbabwe.ZW
549,Evangeline Bernet,692549529,China549@China.CN
550,Berte Tootin,490453798,Thailand550@Thailand.TH
551,Cathe Snar,88160158,China551@China.CN
552,Terry Iannitti,393928970,Portugal552@Portugal.PT
553,Ernestine Merrgen,368212511,Indonesia553@Indonesia.ID
554,Debbi Gaule,644941301,France554@France.FR
555,Xymenes Hands,73694272,Portugal555@Portugal.PT
556,Killy Condie,492377569,Russia556@Russia.RU
557,Elke Dumingos,848725897,China557@China.CN
558,Dusty Yedall,232456549,UnitedStates558@UnitedStates.US
559,Marchelle Annes,18891994,Ukraine559@Ukraine.UA
560,Riordan Wormald,851267032,Ethiopia560@Ethiopia.ET
561,Dodi Lenglet,47293719,China561@China.CN
562,Calla Lambal,795531254,Paraguay562@Paraguay.PY
563,Josephine Archer,401160451,China563@China.CN
564,Henryetta Kunes,438316225,Netherlands564@Netherlands.NL
565,Gusella Wadeling,808278013,Indonesia565@Indonesia.ID
566,Ag Gasking,207414330,France566@France.FR
567,Filmer Floyd,899815015,Mexico567@Mexico.MX
568,Amandi McConaghy,36847057,Tunisia568@Tunisia.TN
569,Maryellen Gligori,518112023,Morocco569@Morocco.MA
570,Sibyl Cuphus,984637157,Nicaragua570@Nicaragua.NI
571,Mathew Groucutt,155419267,Nigeria571@Nigeria.NG
572,George Woodeson,603411613,Spain572@Spain.ES
573,Pauline Danihelka,941890780,Philippines573@Philippines.PH
574,Carleen Gyver,258165806,Armenia574@Armenia.AM
575,Jillene Maro,602431925,Philippines575@Philippines.PH
576,Polly Murton,991818100,Philippines576@Philippines.PH
577,Cecilia Swinbourne,576537765,Portugal577@Portugal.PT
578,Felix Ouver,8967289,CzechRepublic578@CzechRepublic.CZ
579,Wynnie Feronet,603379209,China579@China.CN
580,Enriqueta Kirwin,899618506,Finland580@Finland.FI
581,Cathee Briscam,791045654,Germany581@Germany.DE
582,Lauri Hughill,756675377,Indonesia582@Indonesia.ID
583,Meg Reburn,830076408,China583@China.CN
584,Roanna Safont,917578892,UnitedStates584@UnitedStates.US
585,Nerty Green,84170042,China585@China.CN
586,Natasha Cool,836608060,Netherlands586@Netherlands.NL
587,Cyril Copelli,978503306,Indonesia587@Indonesia.ID
588,Stormi Duddin,432251028,SouthAfrica588@SouthAfrica.ZA
589,Alberik Rowcastle,845592630,Kenya589@Kenya.KE
590,Deck Paulat,38839835,Portugal590@Portugal.PT
591,Richie Brydson,456196096,UnitedStates591@UnitedStates.US
592,Audra Hebborn,717662433,Indonesia592@Indonesia.ID
593,Melita Drinkale,955564695,China593@China.CN
594,Joycelin Loghan,466330361,China594@China.CN
595,Elisabetta Dubery,929049582,Mozambique595@Mozambique.MZ
596,Del Hughman,678419713,China596@China.CN
597,Darla Kubacek,682969308,Indonesia597@Indonesia.ID
598,Karel Welband,273428219,CzechRepublic598@CzechRepublic.CZ
599,Ondrea Keyser,129821679,BosniaandHerzegovina599@BosniaandHerzegovina.BA
600,Liam Downing,163928441,Philippines600@Philippines.PH
601,Ezequiel Benion,16081032,Jamaica601@Jamaica.JM
602,Willa Wethered,288382563,Thailand602@Thailand.TH
603,Devland Pagett,912761722,Russia603@Russia.RU
604,Beryl Coo,928989409,Venezuela604@Venezuela.VE
605,Nels Ordish,288080517,BurkinaFaso605@BurkinaFaso.BF
606,Curry Able,829328304,Indonesia606@Indonesia.ID
607,Lind Haggath,161123047,Argentina607@Argentina.AR
608,Red Nordass,482972055,Indonesia608@Indonesia.ID
609,Hamnet Coultas,624520994,Japan609@Japan.JP
610,Kelsy Schroder,236055942,Indonesia610@Indonesia.ID
611,Adelheid Casolla,49625217,Indonesia611@Indonesia.ID
612,Jesse Martelet,161388056,Russia612@Russia.RU
613,Cornela LaBastida,279137247,China613@China.CN
614,Ximenez Meredith,488983804,Mali614@Mali.ML
615,Sherm Probat,395527180,Ukraine615@Ukraine.UA
616,Hulda Nayshe,216448108,Indonesia616@Indonesia.ID
617,Thorin Jolliman,397918742,China617@China.CN
618,Alfreda Chasmer,474238685,UnitedStates618@UnitedStates.US
619,Francis Runciman,822142697,China619@China.CN
620,Nels Hargreaves,981322808,Micronesia620@Micronesia.FM
621,Stephanie Uman,332086770,Japan621@Japan.JP
622,Leonie Battin,250564351,Russia622@Russia.RU
623,Leslie Noden,865927704,Honduras623@Honduras.HN
624,Grenville Penburton,825051173,China624@China.CN
625,Celle Oller,130516609,Sweden625@Sweden.SE
626,Ibrahim Jurries,141503681,Portugal626@Portugal.PT
627,Renato Paulin,772546430,UnitedStates627@UnitedStates.US
628,Janeva Silman,192036248,UnitedStates628@UnitedStates.US
629,Pablo Dracksford,504716999,TrinidadandTobago629@TrinidadandTobago.TT
630,Erinn Vannar,749249475,France630@France.FR
631,Amandie Rohmer,87840123,Latvia631@Latvia.LV
632,Gordan Hitscher,668118791,Indonesia632@Indonesia.ID
633,Emelda Furbank,372926370,Zimbabwe633@Zimbabwe.ZW
634,Marsh Fransoni,554460184,Russia634@Russia.RU
635,Law Leinweber,349382645,Indonesia635@Indonesia.ID
636,Kaleena Philips,294023395,Indonesia636@Indonesia.ID
637,Eyde Ellerton,630098189,Portugal637@Portugal.PT
638,Hermione Tire,716431944,Brazil638@Brazil.BR
639,Itch Merle,246481490,SriLanka639@SriLanka.LK
640,Henrie Ledward,914889581,Argentina640@Argentina.AR
641,Anna-diane Kopps,72809648,Argentina641@Argentina.AR
642,Jessalin Dimitriades,115497666,Indonesia642@Indonesia.ID
643,Burke Jupp,381632437,Russia643@Russia.RU
644,Farrel Teare,229280299,Albania644@Albania.AL
645,Saul Parsonage,35120082,Indonesia645@Indonesia.ID
646,Sharon Lazare,3529063,Peru646@Peru.PE
647,Ainslee Feighney,140642226,Brazil647@Brazil.BR
648,Jessey Doddrell,488903098,Slovenia648@Slovenia.SI
649,Marsiella Duprey,71610216,Japan649@Japan.JP
650,Gianni Aistrop,814649164,Colombia650@Colombia.CO
651,Neely Frankcomb,320919218,China651@China.CN
652,Lucretia Whyborn,332859278,Peru652@Peru.PE
653,Alister Stronack,507535196,Indonesia653@Indonesia.ID
654,Nancy Rollinshaw,371491807,Canada654@Canada.CA
655,Eimile Matz,745480202,Indonesia655@Indonesia.ID
656,Valerye Phorsby,810155506,Indonesia656@Indonesia.ID
657,Gothart Domesday,768476826,Georgia657@Georgia.GE
658,Ram Sinclaire,463241886,Russia658@Russia.RU
659,Henrie Karolovsky,878866643,Russia659@Russia.RU
660,Paxon Jeffcoat,299133446,Russia660@Russia.RU
661,Reg Lepper,21563419,Comoros661@Comoros.KM
662,Wenona MacGinlay,719085082,UnitedStates662@UnitedStates.US
663,Niles MacMenamy,657607724,China663@China.CN
664,Cele Dunster,581966560,Ukraine664@Ukraine.UA
665,Jenn Josephoff,225010325,Iran665@Iran.IR
666,Tyson Gahagan,224143931,Malaysia666@Malaysia.MY
667,Felice Fiddler,309595571,Ukraine667@Ukraine.UA
668,Charline Warriner,790809855,Sweden668@Sweden.SE
669,Hanni Dunbleton,150869086,China669@China.CN
670,Terrye Littlechild,348396626,China670@China.CN
671,Anjela Shobrook,114027555,Somalia671@Somalia.SO
672,Steven Cornbell,101961743,Hungary672@Hungary.HU
673,Julie Brandes,71871437,Lithuania673@Lithuania.LT
674,Boot Terbeck,338825916,Poland674@Poland.PL
675,Henryetta Kempster,750714546,Moldova675@Moldova.MD
676,Mei Scrogges,340995874,Russia676@Russia.RU
677,Florinda Cellier,413567756,Poland677@Poland.PL
678,Gay Skechley,150383835,China678@China.CN
679,Beret Behneke,593861239,Japan679@Japan.JP
680,Adria Koubu,288757993,Canada680@Canada.CA
681,Karissa Sancraft,130402063,UnitedStates681@UnitedStates.US
682,Julietta Legerwood,464027692,Thailand682@Thailand.TH
683,Bentley Gwyneth,646658707,China683@China.CN
684,Janeva Buist,347286780,France684@France.FR
685,Giselle Abrahart,143966788,Poland685@Poland.PL
686,Inez Flade,589914580,Portugal686@Portugal.PT
687,Nicole Linnit,26814911,China687@China.CN
688,Michaela Babcock,756697534,Russia688@Russia.RU
689,Jacquetta Plampin,287839841,China689@China.CN
690,Ynez Hows,494649139,Brazil690@Brazil.BR
691,Elvina McGlynn,864040358,China691@China.CN
692,Myra Zaczek,487668760,Argentina692@Argentina.AR
693,Sabina Corneille,54809942,Indonesia693@Indonesia.ID
694,Leanna Dur,953063083,Brazil694@Brazil.BR
695,Barnabas Casson,616760339,Kenya695@Kenya.KE
696,Cornall Pimlock,99740828,Poland696@Poland.PL
697,Harlie Jindracek,470109846,Malawi697@Malawi.MW
698,Leonora Tullett,634001629,Kenya698@Kenya.KE
699,Vale Norwood,789693391,UnitedStates699@UnitedStates.US
700,Kimberli Eisenberg,710117586,Peru700@Peru.PE
701,Lisle Scamadin,814761236,CzechRepublic701@CzechRepublic.CZ
702,Graham Rumford,919088699,Azerbaijan702@Azerbaijan.AZ
703,Fredelia Snedden,70145107,Indonesia703@Indonesia.ID
704,Anatole Desforges,243886822,Ghana704@Ghana.GH
705,Gawain Willmont,186485116,Russia705@Russia.RU
706,Brittni Nielson,904232784,Colombia706@Colombia.CO
707,Paddie Tellenbrok,578433690,Russia707@Russia.RU
708,Monique Fry,184234240,Bangladesh708@Bangladesh.BD
709,Ogdon Petr,452729855,Canada709@Canada.CA
710,Lance Cheatle,116877365,UnitedStates710@UnitedStates.US
711,Devonne Yanuk,512913742,China711@China.CN
712,Vaughan Gorch,538538502,Guatemala712@Guatemala.GT
713,Terencio Loche,456852873,Kenya713@Kenya.KE
714,Winnah Laye,529931145,Indonesia714@Indonesia.ID
715,Lawrence O'Cahey,367406346,Portugal715@Portugal.PT
716,Goldie O'Sherrin,910035808,Portugal716@Portugal.PT
717,Kristoffer Pales,192915558,France717@France.FR
718,Sol Hynam,577995797,Sweden718@Sweden.SE
719,Kristian Beeken,563766225,Ecuador719@Ecuador.EC
720,Caterina Rosenzwig,955054189,Indonesia720@Indonesia.ID
721,Carroll Tear,75977903,Italy721@Italy.IT
722,Jonell Aiton,625518160,Pakistan722@Pakistan.PK
723,Sherye Christmas,380298372,UnitedStates723@UnitedStates.US
724,Natka Featenby,973616034,Russia724@Russia.RU
725,Biddy Spadoni,787570953,Indonesia725@Indonesia.ID
726,Brynn Roset,141889770,Honduras726@Honduras.HN
727,Marcelia Kerswell,374289401,Cuba727@Cuba.CU
728,Tove Jaquest,734716783,Nigeria728@Nigeria.NG
729,Lorne Boldry,30400318,UnitedStates729@UnitedStates.US
730,Debbie Noteyoung,115869495,Afghanistan730@Afghanistan.AF
731,Devonne Whal,695307688,Colombia731@Colombia.CO
732,Zena Todari,793397626,Indonesia732@Indonesia.ID
733,Kathleen Mac Giolla Pheadair,397023793,Ecuador733@Ecuador.EC
734,Korney Buffery,889885357,Greece734@Greece.GR
735,Desiri Issac,927025870,Philippines735@Philippines.PH
736,Serene Steadman,189077870,China736@China.CN
737,Mano Abrahamson,63212499,Portugal737@Portugal.PT
738,Yardley Eliet,368502399,UnitedStates738@UnitedStates.US
739,Christi Flute,313209549,China739@China.CN
740,Walther Rablin,474748927,China740@China.CN
741,Sophey Garling,835490652,China741@China.CN
742,Gavra Breslin,443119619,Russia742@Russia.RU
743,Emmerich Ochterlony,402369118,Belarus743@Belarus.BY
744,Kellina Oates,665145198,Argentina744@Argentina.AR
745,Karee Colchett,146939001,France745@France.FR
746,Enrika Marty,718015063,China746@China.CN
747,Cal Rorke,483062176,Indonesia747@Indonesia.ID
748,Jehu Dauney,862775508,Indonesia748@Indonesia.ID
749,Barb Murfett,571578353,Canada749@Canada.CA
750,Jo O'Nowlan,308477835,Syria750@Syria.SY
751,Hermine Dorton,213830942,Poland751@Poland.PL
752,Egon Lawrance,674671171,Portugal752@Portugal.PT
753,Winn Raynes,181792197,Indonesia753@Indonesia.ID
754,Emilie Faircley,763353399,Sweden754@Sweden.SE
755,Antonino McMains,450444374,Philippines755@Philippines.PH
756,Megan Beddows,139516935,Argentina756@Argentina.AR
757,Haslett Jenkyn,721522430,China757@China.CN
758,Gus Trower,616237377,Indonesia758@Indonesia.ID
759,Doreen Sothcott,92032909,UnitedStates759@UnitedStates.US
760,Allyn Gurnay,913364124,Vietnam760@Vietnam.VN
761,Katy Pine,425478958,China761@China.CN
762,Joanie Swindley,35475984,Russia762@Russia.RU
763,Petronille Scrimgeour,271049440,UnitedStates763@UnitedStates.US
764,Ellis Castanares,532366596,China764@China.CN
765,Delly Ventum,956317257,Thailand765@Thailand.TH
766,Antonella Ochterlony,175787660,CzechRepublic766@CzechRepublic.CZ
767,Felita Dovey,802687959,China767@China.CN
768,Hall Everil,706107059,Ukraine768@Ukraine.UA
769,Dodi Basindale,918390337,Cuba769@Cuba.CU
770,Krishnah Pearch,983361192,Brazil770@Brazil.BR
771,Gabrielle Coxall,139199687,China771@China.CN
772,Jobie Coaten,76672054,Chile772@Chile.CL
773,Borden Hacking,854517757,Indonesia773@Indonesia.ID
774,Dell Hellsdon,93405529,Montenegro774@Montenegro.ME
775,Dorie Cammell,289942175,Russia775@Russia.RU
776,Rayna Strathearn,215160006,China776@China.CN
777,Brendin Meedendorpe,901384450,Maldives777@Maldives.MV
778,Raquel Borham,276110020,Spain778@Spain.ES
779,Tildy Shanks,232054715,Philippines779@Philippines.PH
780,Alisander Shoebottom,909478460,Philippines780@Philippines.PH
781,Brandon Cocklie,370767913,SaintBarthelemy781@SaintBarthelemy.BL
782,Hebert Aubin,461233292,Colombia782@Colombia.CO
783,Aldin Purrier,304260861,Germany783@Germany.DE
784,Willi Voce,174259366,China784@China.CN
785,Roxine Humphries,547636870,Cuba785@Cuba.CU
786,Guthrey Juara,219106325,Thailand786@Thailand.TH
787,Mariel Bourdel,878252791,Indonesia787@Indonesia.ID
788,Cissiee Gobeau,105341630,Uzbekistan788@Uzbekistan.UZ
789,Bonnee Keller,127608688,China789@China.CN
790,Nelie Cleare,209108042,China790@China.CN
791,Hurlee Dhennin,499058008,China791@China.CN
792,Charil Fanton,218235019,Ireland792@Ireland.IE
793,Far Emmanuele,708159836,Sweden793@Sweden.SE
794,Jilly Bursnoll,401893632,China794@China.CN
795,Wakefield Strotton,426113228,Portugal795@Portugal.PT
796,Skippy McIlwain,621890455,Vietnam796@Vietnam.VN
797,Ara McWard,677466460,Macedonia797@Macedonia.MK
798,Elvira Beverstock,444318932,Portugal798@Portugal.PT
799,Westbrooke Blindt,827295605,Israel799@Israel.IL
800,Maribelle Allcroft,778694945,Peru800@Peru.PE
801,Roosevelt Grigg,537046388,China801@China.CN
802,Jard Adderson,143463203,China802@China.CN
803,Steward Pettinger,148328262,Indonesia803@Indonesia.ID
804,Barby Noell,125109183,Philippines804@Philippines.PH
805,Bertrand Bilton,449005794,Argentina805@Argentina.AR
806,Emilee Riddeough,429055328,Kazakhstan806@Kazakhstan.KZ
807,Agretha Dutteridge,208502376,Namibia807@Namibia.NA
808,Ferrel Jeratt,752719762,China808@China.CN
809,Selia Grigoroni,688828050,Indonesia809@Indonesia.ID
810,Celine Coopland,426073260,Indonesia810@Indonesia.ID
811,Danna O'Nion,603462768,Greece811@Greece.GR
812,Cornelia Rowth,761633165,Japan812@Japan.JP
813,Horatio Codi,196013865,Armenia813@Armenia.AM
814,Dru Priscott,472646899,CzechRepublic814@CzechRepublic.CZ
815,Bibbie Bover,565113188,Kyrgyzstan815@Kyrgyzstan.KG
816,Lise Fegan,217989412,Afghanistan816@Afghanistan.AF
817,Faith Grushin,825203770,UnitedStates817@UnitedStates.US
818,Berte Cornall,953311993,Nepal818@Nepal.NP
819,King Hillin,532574115,Thailand819@Thailand.TH
820,Selena Relton,424100705,Indonesia820@Indonesia.ID
821,Virgie Belhomme,386097229,Uganda821@Uganda.UG
822,Brunhilda Beeze,33311028,Brazil822@Brazil.BR
823,Colver McChesney,298364385,Indonesia823@Indonesia.ID
824,Dominick Crafts,412268734,Afghanistan824@Afghanistan.AF
825,Tiertza Barford,168156643,Russia825@Russia.RU
826,Hastie Charopen,772818756,Philippines826@Philippines.PH
827,Doug Logg,308253298,Russia827@Russia.RU
828,Clive Crammy,967994054,China828@China.CN
829,Ximenes Carnachen,688147130,Kazakhstan829@Kazakhstan.KZ
830,Jere Whitebrook,327366261,Indonesia830@Indonesia.ID
831,Gabe Boyan,637841408,Serbia831@Serbia.RS
832,Gennifer Koenen,402601346,Ecuador832@Ecuador.EC
833,Tedda Plumridge,353061244,Croatia833@Croatia.HR
834,Lexie Spinetti,488539332,China834@China.CN
835,Anastasia Baudy,561259083,China835@China.CN
836,Anna-maria Neilan,720730415,Thailand836@Thailand.TH
837,Melisandra Mungham,503761116,China837@China.CN
838,Dian Collough,201807160,China838@China.CN
839,Elayne Karet,477752879,China839@China.CN
840,Pail Duignan,585190920,SaudiArabia840@SaudiArabia.SA
841,Rivi Bowart,536655572,Bangladesh841@Bangladesh.BD
842,Carlye Chiswell,998238050,Greece842@Greece.GR
843,Braden Bartolacci,461517455,France843@France.FR
844,Hedi Chadwin,572499311,China844@China.CN
845,Annamarie Taylot,418367896,Sweden845@Sweden.SE
846,Rhetta Nevill,779522629,Philippines846@Philippines.PH
847,Raye Fyldes,42423472,Colombia847@Colombia.CO
848,Kellby Quarterman,975195326,Philippines848@Philippines.PH
849,Raye Rossant,747487404,Albania849@Albania.AL
850,Aaron Cromley,33500766,Portugal850@Portugal.PT
851,Morganne Brecknell,592737178,Kyrgyzstan851@Kyrgyzstan.KG
852,Dieter Crannis,753588408,Cuba852@Cuba.CU
853,Kerri Barnes,535016288,Brazil853@Brazil.BR
854,Adaline Reichartz,60934453,China854@China.CN
855,Ally McBrearty,96857250,France855@France.FR
856,Theda Jagoe,486214122,Afghanistan856@Afghanistan.AF
857,Jethro Fenwick,370382215,Colombia857@Colombia.CO
858,Bambie Frears,609174254,China858@China.CN
859,Ezri Gouck,628450351,Latvia859@Latvia.LV
860,Charisse Risso,834151839,Greece860@Greece.GR
861,Leanna Chapelhow,798770995,France861@France.FR
862,Florella McMullen,359224096,China862@China.CN
863,Raven Cawkwell,71176288,Indonesia863@Indonesia.ID
864,Mable Browncey,292128537,Indonesia864@Indonesia.ID
865,Essie Hagland,986672397,Russia865@Russia.RU
866,Valida Greenhill,428206751,Philippines866@Philippines.PH
867,Malinde Firbanks,141115943,Indonesia867@Indonesia.ID
868,Persis Chipchase,601360339,Indonesia868@Indonesia.ID
869,Demetris McGibbon,486563310,Italy869@Italy.IT
870,Natala Stobbe,78058279,Sweden870@Sweden.SE
871,Shandy Sefton,210552991,Russia871@Russia.RU
872,Sander Maloney,381832380,Sweden872@Sweden.SE
873,Ellis Kops,313602315,France873@France.FR
874,Yankee Penright,588979539,Russia874@Russia.RU
875,Wandie Yeeles,451042327,Venezuela875@Venezuela.VE
876,Tanner Garner,264720085,Mexico876@Mexico.MX
877,Maryjo Strangwood,958637435,Poland877@Poland.PL
878,Dorise Reames,853152081,Sweden878@Sweden.SE
879,Sly Fullwood,821974890,Peru879@Peru.PE
880,Florella Reape,902682856,Colombia880@Colombia.CO
881,Korney O'Carney,540787771,Canada881@Canada.CA
882,Rorie Colicot,913872469,China882@China.CN
883,Nathanil Eykel,871822023,Japan883@Japan.JP
884,Carol-jean Sodory,138670430,China884@China.CN
885,Ludwig Fuxman,504667631,Brazil885@Brazil.BR
886,Gloriane Allsepp,411640757,Brazil886@Brazil.BR
887,Christoper Myrkus,16464719,China887@China.CN
888,Steward Doyland,244764314,Philippines888@Philippines.PH
889,Jenilee Ricardou,969362893,Ukraine889@Ukraine.UA
890,Riccardo Jahner,439766171,Russia890@Russia.RU
891,Leonard Fuxman,42136891,Argentina891@Argentina.AR
892,Ali Einchcombe,37548064,China892@China.CN
893,Cynthea O'Hickee,802793555,France893@France.FR
894,Renata Vlach,347476973,Poland894@Poland.PL
895,Manuel Gloyens,809928483,China895@China.CN
896,Jerrome Drohan,270536056,Indonesia896@Indonesia.ID
897,Karoly Ivie,280764615,Pakistan897@Pakistan.PK
898,Jory Glave,56857660,Philippines898@Philippines.PH
899,Charin Pinckard,966723509,China899@China.CN
900,Malina Pengelly,625492752,Indonesia900@Indonesia.ID
901,Marillin Dennehy,402708030,Senegal901@Senegal.SN
902,Laina Thurborn,590725051,Mongolia902@Mongolia.MN
903,Noel Ladley,281080435,Japan903@Japan.JP
904,Gail Grigaut,577853314,Indonesia904@Indonesia.ID
905,Gordan Kneeshaw,940961282,Russia905@Russia.RU
906,Quinn Stamps,460495828,Malaysia906@Malaysia.MY
907,Odilia Bockett,411289654,France907@France.FR
908,Mikael O'Keevan,810944880,Brazil908@Brazil.BR
909,Egbert Mollnar,717509970,Ukraine909@Ukraine.UA
910,Howie Flamank,180736715,Brazil910@Brazil.BR
911,Judy Swainson,413710653,Croatia911@Croatia.HR
912,Dulcie Lax,325721979,CzechRepublic912@CzechRepublic.CZ
913,Nelli Myrie,545366254,Poland913@Poland.PL
914,Althea Jaggli,292192253,Mexico914@Mexico.MX
915,Row Colchett,717215004,Indonesia915@Indonesia.ID
916,Adlai Arnull,977102761,SaudiArabia916@SaudiArabia.SA
917,Paloma Spellar,595755435,Colombia917@Colombia.CO
918,Hyacintha Hanne,654810473,UnitedStates918@UnitedStates.US
919,Mattie Brenston,431676563,China919@China.CN
920,Quintus Parcells,645480720,Norway920@Norway.NO
921,Sue Fargie,806802541,Brazil921@Brazil.BR
922,Amaleta Brattan,806921577,Indonesia922@Indonesia.ID
923,Willow Burmingham,206192889,Myanmar923@Myanmar.MM
924,Fawnia Bartosch,335309357,Nepal924@Nepal.NP
925,Donni Tatem,378453065,UnitedStates925@UnitedStates.US
926,Mary Jellett,814884385,UnitedStates926@UnitedStates.US
927,Todd Riglesford,810708211,Philippines927@Philippines.PH
928,Aube Francescuzzi,577134376,France928@France.FR
929,Fanni Caccavella,912353553,Philippines929@Philippines.PH
930,Allie Turbard,349429341,Indonesia930@Indonesia.ID
931,Nadine Cudbird,538650514,China931@China.CN
932,Ginelle Finnimore,314324517,Azerbaijan932@Azerbaijan.AZ
933,Rici Bollin,553507166,Poland933@Poland.PL
934,Yvon Chasmor,444645517,Argentina934@Argentina.AR
935,Sindee Drynan,135498164,Samoa935@Samoa.WS
936,Kim McCloughlin,761848198,Nigeria936@Nigeria.NG
937,Jarib Cranke,532087209,Kazakhstan937@Kazakhstan.KZ
938,Cordelia Whicher,388655715,France938@France.FR
939,Adria Heller,159684354,Indonesia939@Indonesia.ID
940,Ash Boise,235573971,China940@China.CN
941,Ravid Josephsen,424750558,Sweden941@Sweden.SE
942,Belle Priver,377043505,Russia942@Russia.RU
943,Wanda Ramas,506853169,Brazil943@Brazil.BR
944,Jazmin Torald,862940566,Portugal944@Portugal.PT
945,Mellicent Philliphs,230829045,Brazil945@Brazil.BR
946,Reggie Hallaways,741300054,China946@China.CN
947,Rubin Ind,522012191,Philippines947@Philippines.PH
948,Melodee Gartshore,309025761,UnitedStates948@UnitedStates.US
949,Giffy Wreath,339403140,Brazil949@Brazil.BR
950,Heida Bohden,104833261,Russia950@Russia.RU
951,Saw Aspenlon,663002343,Argentina951@Argentina.AR
952,Jenda Castellino,277359532,China952@China.CN
953,Bobby Blazewski,421651972,China953@China.CN
954,Boniface Giovannilli,238349533,Poland954@Poland.PL
955,Halette O'Hanley,813345691,China955@China.CN
956,Herculie Eastment,300229413,Indonesia956@Indonesia.ID
957,Virginie Lammas,198480069,Belarus957@Belarus.BY
958,Zorine Delacourt,985919409,Albania958@Albania.AL
959,Isidro Chelam,100471960,Russia959@Russia.RU
960,Annmarie Bountiff,428976329,Morocco960@Morocco.MA
961,Sid Oultram,399990021,Philippines961@Philippines.PH
962,Patrizia Kunrad,821243942,China962@China.CN
963,Marillin Tieman,363312831,Japan963@Japan.JP
964,Rodrigo D'Alessio,343093114,TrinidadandTobago964@TrinidadandTobago.TT
965,Gigi Trunchion,191017328,Russia965@Russia.RU
966,Mitzi De Mico,601364870,Indonesia966@Indonesia.ID
967,Dannye Passmore,851274717,CzechRepublic967@CzechRepublic.CZ
968,Carree Jeffree,499487915,Indonesia968@Indonesia.ID
969,Shell Oldis,68310706,China969@China.CN
970,Ardene Davydenko,299146794,Gambia970@Gambia.GM
971,Lethia Bodechon,318560244,Sweden971@Sweden.SE
972,Harriott Manby,323952589,Cameroon972@Cameroon.CM
973,Kissie Gosford,49355157,Indonesia973@Indonesia.ID
974,Isador Saffen,188929010,Thailand974@Thailand.TH
975,Sheela Stein,953398822,UnitedStates975@UnitedStates.US
976,Dal Raper,958624662,China976@China.CN
977,Gauthier Sapshed,802775556,Pakistan977@Pakistan.PK
978,Gizela Northover,489999247,China978@China.CN
979,Taffy Shipcott,554414945,Gambia979@Gambia.GM
980,Forster Pervew,747761637,NewZealand980@NewZealand.NZ
981,Arlette Magauran,515299908,Armenia981@Armenia.AM
982,Jameson Yaknov,639860563,Indonesia982@Indonesia.ID
983,Esdras Scoffins,966289343,Indonesia983@Indonesia.ID
984,Gradey O'Gready,616847316,China984@China.CN
985,Lowrance Kleinmintz,489511953,China985@China.CN
986,Dore Coyett,648563763,Malaysia986@Malaysia.MY
987,Baxy Dunkerley,232339582,China987@China.CN
988,Charlot Warkup,152128866,Indonesia988@Indonesia.ID
989,Godfrey Jellicorse,75754456,Russia989@Russia.RU
990,Ives Darmody,994353448,China990@China.CN
991,Stephi Broose,71586611,Brazil991@Brazil.BR
992,Hervey Ganning,405817231,Brazil992@Brazil.BR
993,Bennett Pendered,494362903,SouthKorea993@SouthKorea.KR
994,Jilleen Foux,494492339,Afghanistan994@Afghanistan.AF
995,Jefferson Lauderdale,284949464,Indonesia995@Indonesia.ID
996,Stirling Santry,282559636,Bangladesh996@Bangladesh.BD
997,Reilly Domonkos,40079403,Portugal997@Portugal.PT
998,Mary Demangel,301344141,Poland998@Poland.PL
999,Carolan Di Giacomo,433036151,China999@China.CN
1000,Clarette Barreau,743398181,China1000@China.CN
1001,Germaine Vallack,342310656,Russia1001@Russia.RU
1002,Alena Geratasch,681947215,Germany1002@Germany.DE
1003,Dill Beardshall,824424503,China1003@China.CN
1004,Dolorita Drayton,659590100,Bahrain1004@Bahrain.BH
1005,Guthry Galpin,68703808,France1005@France.FR
1006,Paton Fritzer,798341150,Poland1006@Poland.PL
1007,Kelbee Illesley,914848549,Brazil1007@Brazil.BR
1008,Christabella Coathup,583582956,Indonesia1008@Indonesia.ID
1009,Ephrem Steers,409464285,Canada1009@Canada.CA
1010,Melesa Halahan,227191060,Mexico1010@Mexico.MX
